wrapper_usr	function	domain
c:@F@p101_a64l	p101_a64l	c/byte-strings-extensions
c:@F@p101_abs	p101_abs	c/stdlib
c:@F@p101_accept	p101_accept	network/sockets
c:@F@p101_access	p101_access	systems/filesystem-paths
c:@F@p101_acos	p101_acos	c/math-trig
c:@F@p101_acosf	p101_acosf	c/math-trig
c:@F@p101_acosh	p101_acosh	c/math-trig
c:@F@p101_acoshf	p101_acoshf	c/math-trig
c:@F@p101_acoshl	p101_acoshl	c/math-trig
c:@F@p101_acosl	p101_acosl	c/math-trig
c:@F@p101_aio_cancel	p101_aio_cancel	systems/async-io
c:@F@p101_aio_error	p101_aio_error	systems/async-io
c:@F@p101_aio_fsync	p101_aio_fsync	systems/async-io
c:@F@p101_aio_read	p101_aio_read	systems/async-io
c:@F@p101_aio_return	p101_aio_return	systems/async-io
c:@F@p101_aio_suspend	p101_aio_suspend	systems/async-io
c:@F@p101_aio_write	p101_aio_write	systems/async-io
c:@F@p101_alarm	p101_alarm	systems/process-signal
c:@F@p101_aligned_alloc	p101_aligned_alloc	c/stdlib
c:@F@p101_alphasort	p101_alphasort	systems/directories-patterns
c:@F@p101_arc4random	p101_arc4random	c/random
c:@F@p101_arc4random_buf	p101_arc4random_buf	c/random
c:@F@p101_arc4random_uniform	p101_arc4random_uniform	c/random
c:@F@p101_asin	p101_asin	c/math-trig
c:@F@p101_asinf	p101_asinf	c/math-trig
c:@F@p101_asinh	p101_asinh	c/math-trig
c:@F@p101_asinhf	p101_asinhf	c/math-trig
c:@F@p101_asinhl	p101_asinhl	c/math-trig
c:@F@p101_asinl	p101_asinl	c/math-trig
c:@F@p101_at_quick_exit	p101_at_quick_exit	c/stdlib
c:@F@p101_atan	p101_atan	c/math-trig
c:@F@p101_atan2	p101_atan2	c/math-trig
c:@F@p101_atan2f	p101_atan2f	c/math-trig
c:@F@p101_atan2l	p101_atan2l	c/math-trig
c:@F@p101_atanf	p101_atanf	c/math-trig
c:@F@p101_atanh	p101_atanh	c/math-trig
c:@F@p101_atanhf	p101_atanhf	c/math-trig
c:@F@p101_atanhl	p101_atanhl	c/math-trig
c:@F@p101_atanl	p101_atanl	c/math-trig
c:@F@p101_atexit	p101_atexit	c/stdlib
c:@F@p101_atomic_flag_clear	p101_atomic_flag_clear	c/atomics
c:@F@p101_atomic_flag_clear_explicit	p101_atomic_flag_clear_explicit	c/atomics
c:@F@p101_atomic_flag_test_and_set	p101_atomic_flag_test_and_set	c/atomics
c:@F@p101_atomic_flag_test_and_set_explicit	p101_atomic_flag_test_and_set_explicit	c/atomics
c:@F@p101_atomic_signal_fence	p101_atomic_signal_fence	c/atomics
c:@F@p101_atomic_thread_fence	p101_atomic_thread_fence	c/atomics
c:@F@p101_atomic_uint_compare_exchange_strong	p101_atomic_uint_compare_exchange_strong	c/atomics
c:@F@p101_atomic_uint_compare_exchange_strong_explicit	p101_atomic_uint_compare_exchange_strong_explicit	c/atomics
c:@F@p101_atomic_uint_compare_exchange_weak	p101_atomic_uint_compare_exchange_weak	c/atomics
c:@F@p101_atomic_uint_compare_exchange_weak_explicit	p101_atomic_uint_compare_exchange_weak_explicit	c/atomics
c:@F@p101_atomic_uint_exchange	p101_atomic_uint_exchange	c/atomics
c:@F@p101_atomic_uint_exchange_explicit	p101_atomic_uint_exchange_explicit	c/atomics
c:@F@p101_atomic_uint_fetch_add	p101_atomic_uint_fetch_add	c/atomics
c:@F@p101_atomic_uint_fetch_add_explicit	p101_atomic_uint_fetch_add_explicit	c/atomics
c:@F@p101_atomic_uint_fetch_and	p101_atomic_uint_fetch_and	c/atomics
c:@F@p101_atomic_uint_fetch_and_explicit	p101_atomic_uint_fetch_and_explicit	c/atomics
c:@F@p101_atomic_uint_fetch_or	p101_atomic_uint_fetch_or	c/atomics
c:@F@p101_atomic_uint_fetch_or_explicit	p101_atomic_uint_fetch_or_explicit	c/atomics
c:@F@p101_atomic_uint_fetch_sub	p101_atomic_uint_fetch_sub	c/atomics
c:@F@p101_atomic_uint_fetch_sub_explicit	p101_atomic_uint_fetch_sub_explicit	c/atomics
c:@F@p101_atomic_uint_fetch_xor	p101_atomic_uint_fetch_xor	c/atomics
c:@F@p101_atomic_uint_fetch_xor_explicit	p101_atomic_uint_fetch_xor_explicit	c/atomics
c:@F@p101_atomic_uint_load	p101_atomic_uint_load	c/atomics
c:@F@p101_atomic_uint_load_explicit	p101_atomic_uint_load_explicit	c/atomics
c:@F@p101_atomic_uint_store	p101_atomic_uint_store	c/atomics
c:@F@p101_atomic_uint_store_explicit	p101_atomic_uint_store_explicit	c/atomics
c:@F@p101_basename	p101_basename	systems/directories-patterns
c:@F@p101_be16toh	p101_be16toh	c/byte-utility
c:@F@p101_be32toh	p101_be32toh	c/byte-utility
c:@F@p101_be64toh	p101_be64toh	c/byte-utility
c:@F@p101_bind	p101_bind	network/sockets
c:@F@p101_bsearch	p101_bsearch	c/stdlib
c:@F@p101_bswap16	p101_bswap16	c/byte-utility
c:@F@p101_bswap32	p101_bswap32	c/byte-utility
c:@F@p101_bswap64	p101_bswap64	c/byte-utility
c:@F@p101_btowc	p101_btowc	c/wide-conversion
c:@F@p101_c_analysis_kind_name	p101_c_analysis_kind_name	tooling/c-facts
c:@F@p101_c_analysis_scan	p101_c_analysis_scan	tooling/c-facts
c:@F@p101_c_fact_kind_name	p101_c_fact_kind_name	tooling/c-facts
c:@F@p101_c_fact_parse_line	p101_c_fact_parse_line	tooling/c-facts
c:@F@p101_c_fact_status_name	p101_c_fact_status_name	tooling/c-facts
c:@F@p101_c_facts_find_clang_compile_database	p101_c_facts_find_clang_compile_database	tooling/c-facts
c:@F@p101_c_facts_with_compile_command	p101_c_facts_with_compile_command	tooling/c-facts
c:@F@p101_c_mutation_kind_name	p101_c_mutation_kind_name	tooling/c-facts
c:@F@p101_cabs	p101_cabs	c/complex-components
c:@F@p101_cabsf	p101_cabsf	c/complex-components
c:@F@p101_cabsl	p101_cabsl	c/complex-components
c:@F@p101_cacos	p101_cacos	c/complex-trig
c:@F@p101_cacosf	p101_cacosf	c/complex-trig
c:@F@p101_cacosh	p101_cacosh	c/complex-trig
c:@F@p101_cacoshf	p101_cacoshf	c/complex-trig
c:@F@p101_cacoshl	p101_cacoshl	c/complex-trig
c:@F@p101_cacosl	p101_cacosl	c/complex-trig
c:@F@p101_calloc	p101_calloc	c/stdlib
c:@F@p101_carg	p101_carg	c/complex-components
c:@F@p101_cargf	p101_cargf	c/complex-components
c:@F@p101_cargl	p101_cargl	c/complex-components
c:@F@p101_casin	p101_casin	c/complex-trig
c:@F@p101_casinf	p101_casinf	c/complex-trig
c:@F@p101_casinh	p101_casinh	c/complex-trig
c:@F@p101_casinhf	p101_casinhf	c/complex-trig
c:@F@p101_casinhl	p101_casinhl	c/complex-trig
c:@F@p101_casinl	p101_casinl	c/complex-trig
c:@F@p101_catan	p101_catan	c/complex-trig
c:@F@p101_catanf	p101_catanf	c/complex-trig
c:@F@p101_catanh	p101_catanh	c/complex-trig
c:@F@p101_catanhf	p101_catanhf	c/complex-trig
c:@F@p101_catanhl	p101_catanhl	c/complex-trig
c:@F@p101_catanl	p101_catanl	c/complex-trig
c:@F@p101_catclose	p101_catclose	systems/localization-conversion
c:@F@p101_catgets	p101_catgets	systems/localization-conversion
c:@F@p101_catopen	p101_catopen	systems/localization-conversion
c:@F@p101_cbrt	p101_cbrt	c/math-exp-log-power
c:@F@p101_cbrtf	p101_cbrtf	c/math-exp-log-power
c:@F@p101_cbrtl	p101_cbrtl	c/math-exp-log-power
c:@F@p101_ccos	p101_ccos	c/complex-trig
c:@F@p101_ccosf	p101_ccosf	c/complex-trig
c:@F@p101_ccosh	p101_ccosh	c/complex-trig
c:@F@p101_ccoshf	p101_ccoshf	c/complex-trig
c:@F@p101_ceil	p101_ceil	c/math-rounding-remainder
c:@F@p101_ceilf	p101_ceilf	c/math-rounding-remainder
c:@F@p101_ceill	p101_ceill	c/math-rounding-remainder
c:@F@p101_cexp	p101_cexp	c/complex-exp-log-power
c:@F@p101_cexpf	p101_cexpf	c/complex-exp-log-power
c:@F@p101_cexpl	p101_cexpl	c/complex-exp-log-power
c:@F@p101_cfgetispeed	p101_cfgetispeed	systems/users-terminals
c:@F@p101_cfgetospeed	p101_cfgetospeed	systems/users-terminals
c:@F@p101_cfmakeraw	p101_cfmakeraw	systems/users-terminals
c:@F@p101_cfsetispeed	p101_cfsetispeed	systems/users-terminals
c:@F@p101_cfsetospeed	p101_cfsetospeed	systems/users-terminals
c:@F@p101_cfsetspeed	p101_cfsetspeed	systems/users-terminals
c:@F@p101_chdir	p101_chdir	systems/filesystem-paths
c:@F@p101_chmod	p101_chmod	systems/filesystem-paths
c:@F@p101_chown	p101_chown	systems/filesystem-paths
c:@F@p101_cimag	p101_cimag	c/complex-components
c:@F@p101_cimagf	p101_cimagf	c/complex-components
c:@F@p101_cimagl	p101_cimagl	c/complex-components
c:@F@p101_clearerr	p101_clearerr	c/stdio-state-buffering
c:@F@p101_clock	p101_clock	c/time
c:@F@p101_clock_getres	p101_clock_getres	systems/resource-time-memory
c:@F@p101_clock_gettime	p101_clock_gettime	systems/resource-time-memory
c:@F@p101_clock_settime	p101_clock_settime	systems/resource-time-memory
c:@F@p101_clog	p101_clog	c/complex-exp-log-power
c:@F@p101_clogf	p101_clogf	c/complex-exp-log-power
c:@F@p101_clogl	p101_clogl	c/complex-exp-log-power
c:@F@p101_close	p101_close	systems/fd-io
c:@F@p101_closedir	p101_closedir	systems/directories-patterns
c:@F@p101_closelog	p101_closelog	systems/logging-diagnostics
c:@F@p101_confstr	p101_confstr	systems/platform-admin
c:@F@p101_conj	p101_conj	c/complex-components
c:@F@p101_conjf	p101_conjf	c/complex-components
c:@F@p101_conjl	p101_conjl	c/complex-components
c:@F@p101_connect	p101_connect	network/sockets
c:@F@p101_convert_address	p101_convert_address	network/conversion
c:@F@p101_copysign	p101_copysign	c/math-floating
c:@F@p101_copysignf	p101_copysignf	c/math-floating
c:@F@p101_copysignl	p101_copysignl	c/math-floating
c:@F@p101_cos	p101_cos	c/math-trig
c:@F@p101_cosf	p101_cosf	c/math-trig
c:@F@p101_cosh	p101_cosh	c/math-trig
c:@F@p101_coshf	p101_coshf	c/math-trig
c:@F@p101_coshl	p101_coshl	c/math-trig
c:@F@p101_cosl	p101_cosl	c/math-trig
c:@F@p101_cpow	p101_cpow	c/complex-exp-log-power
c:@F@p101_cpowf	p101_cpowf	c/complex-exp-log-power
c:@F@p101_cpowl	p101_cpowl	c/complex-exp-log-power
c:@F@p101_cproj	p101_cproj	c/complex-components
c:@F@p101_cprojf	p101_cprojf	c/complex-components
c:@F@p101_cprojl	p101_cprojl	c/complex-components
c:@F@p101_creal	p101_creal	c/complex-components
c:@F@p101_crealf	p101_crealf	c/complex-components
c:@F@p101_creall	p101_creall	c/complex-components
c:@F@p101_creat	p101_creat	systems/fd-io
c:@F@p101_crypt	p101_crypt	systems/users-terminals
c:@F@p101_csin	p101_csin	c/complex-trig
c:@F@p101_csinf	p101_csinf	c/complex-trig
c:@F@p101_csinh	p101_csinh	c/complex-trig
c:@F@p101_csinhf	p101_csinhf	c/complex-trig
c:@F@p101_csqrt	p101_csqrt	c/complex-exp-log-power
c:@F@p101_csqrtf	p101_csqrtf	c/complex-exp-log-power
c:@F@p101_csqrtl	p101_csqrtl	c/complex-exp-log-power
c:@F@p101_ctan	p101_ctan	c/complex-trig
c:@F@p101_ctanf	p101_ctanf	c/complex-trig
c:@F@p101_ctanh	p101_ctanh	c/complex-trig
c:@F@p101_ctanhf	p101_ctanhf	c/complex-trig
c:@F@p101_dbm_clearerr	p101_dbm_clearerr	systems/legacy-database
c:@F@p101_dbm_close	p101_dbm_close	systems/legacy-database
c:@F@p101_dbm_delete	p101_dbm_delete	systems/legacy-database
c:@F@p101_dbm_error	p101_dbm_error	systems/legacy-database
c:@F@p101_dbm_fetch	p101_dbm_fetch	systems/legacy-database
c:@F@p101_dbm_firstkey	p101_dbm_firstkey	systems/legacy-database
c:@F@p101_dbm_nextkey	p101_dbm_nextkey	systems/legacy-database
c:@F@p101_dbm_open	p101_dbm_open	systems/legacy-database
c:@F@p101_dbm_store	p101_dbm_store	systems/legacy-database
c:@F@p101_difftime	p101_difftime	c/time
c:@F@p101_dirfd	p101_dirfd	systems/directories-patterns
c:@F@p101_dirname	p101_dirname	systems/directories-patterns
c:@F@p101_div	p101_div	c/stdlib
c:@F@p101_dlclose	p101_dlclose	systems/dynamic-loading
c:@F@p101_dlerror	p101_dlerror	systems/dynamic-loading
c:@F@p101_dlopen	p101_dlopen	systems/dynamic-loading
c:@F@p101_dlsym	p101_dlsym	systems/dynamic-loading
c:@F@p101_dup	p101_dup	systems/fd-io
c:@F@p101_dup2	p101_dup2	systems/fd-io
c:@F@p101_duplocale	p101_duplocale	systems/localization-conversion
c:@F@p101_endhostent	p101_endhostent	network/name-resolution
c:@F@p101_endnetent	p101_endnetent	network/name-resolution
c:@F@p101_endprotoent	p101_endprotoent	network/name-resolution
c:@F@p101_endservent	p101_endservent	network/name-resolution
c:@F@p101_endusershell	p101_endusershell	systems/users-terminals
c:@F@p101_endutxent	p101_endutxent	systems/users-terminals
c:@F@p101_erf	p101_erf	c/math-exp-log-power
c:@F@p101_erfc	p101_erfc	c/math-exp-log-power
c:@F@p101_erfcf	p101_erfcf	c/math-exp-log-power
c:@F@p101_erfcl	p101_erfcl	c/math-exp-log-power
c:@F@p101_erff	p101_erff	c/math-exp-log-power
c:@F@p101_erfl	p101_erfl	c/math-exp-log-power
c:@F@p101_ether_aton	p101_ether_aton	network/ethernet
c:@F@p101_ether_hostton	p101_ether_hostton	network/ethernet
c:@F@p101_ether_line	p101_ether_line	network/ethernet
c:@F@p101_ether_ntoa	p101_ether_ntoa	network/ethernet
c:@F@p101_ether_ntohost	p101_ether_ntohost	network/ethernet
c:@F@p101_execv	p101_execv	systems/process-signal
c:@F@p101_execve	p101_execve	systems/process-signal
c:@F@p101_execvp	p101_execvp	systems/process-signal
c:@F@p101_exp	p101_exp	c/math-exp-log-power
c:@F@p101_exp2	p101_exp2	c/math-exp-log-power
c:@F@p101_exp2f	p101_exp2f	c/math-exp-log-power
c:@F@p101_exp2l	p101_exp2l	c/math-exp-log-power
c:@F@p101_expf	p101_expf	c/math-exp-log-power
c:@F@p101_expl	p101_expl	c/math-exp-log-power
c:@F@p101_expm1	p101_expm1	c/math-exp-log-power
c:@F@p101_expm1f	p101_expm1f	c/math-exp-log-power
c:@F@p101_expm1l	p101_expm1l	c/math-exp-log-power
c:@F@p101_fabs	p101_fabs	c/math-floating
c:@F@p101_fabsf	p101_fabsf	c/math-floating
c:@F@p101_fabsl	p101_fabsl	c/math-floating
c:@F@p101_faccessat	p101_faccessat	systems/filesystem-paths
c:@F@p101_fchdir	p101_fchdir	systems/filesystem-paths
c:@F@p101_fchmod	p101_fchmod	systems/filesystem-paths
c:@F@p101_fchmodat	p101_fchmodat	systems/filesystem-paths
c:@F@p101_fchown	p101_fchown	systems/filesystem-paths
c:@F@p101_fchownat	p101_fchownat	systems/filesystem-paths
c:@F@p101_fclose	p101_fclose	c/stdio-streams-files
c:@F@p101_fcntl	p101_fcntl	systems/fd-io
c:@F@p101_fdim	p101_fdim	c/math-floating
c:@F@p101_fdimf	p101_fdimf	c/math-floating
c:@F@p101_fdiml	p101_fdiml	c/math-floating
c:@F@p101_fdopen	p101_fdopen	c/stdio-streams-files-extensions
c:@F@p101_fdopendir	p101_fdopendir	systems/directories-patterns
c:@F@p101_feclearexcept	p101_feclearexcept	c/floating-env
c:@F@p101_fegetenv	p101_fegetenv	c/floating-env
c:@F@p101_fegetexceptflag	p101_fegetexceptflag	c/floating-env
c:@F@p101_fegetround	p101_fegetround	c/floating-env
c:@F@p101_feholdexcept	p101_feholdexcept	c/floating-env
c:@F@p101_feof	p101_feof	c/stdio-state-buffering
c:@F@p101_feraiseexcept	p101_feraiseexcept	c/floating-env
c:@F@p101_ferror	p101_ferror	c/stdio-state-buffering
c:@F@p101_fesetenv	p101_fesetenv	c/floating-env
c:@F@p101_fesetexceptflag	p101_fesetexceptflag	c/floating-env
c:@F@p101_fesetround	p101_fesetround	c/floating-env
c:@F@p101_fetestexcept	p101_fetestexcept	c/floating-env
c:@F@p101_feupdateenv	p101_feupdateenv	c/floating-env
c:@F@p101_fflush	p101_fflush	c/stdio-state-buffering
c:@F@p101_ffs	p101_ffs	c/byte-strings-extensions
c:@F@p101_fgetc	p101_fgetc	c/stdio-character-io
c:@F@p101_fgetpos	p101_fgetpos	c/stdio-streams-files
c:@F@p101_fgets	p101_fgets	c/stdio-character-io
c:@F@p101_fgetwc	p101_fgetwc	c/wide-stdio
c:@F@p101_fgetws	p101_fgetws	c/wide-stdio
c:@F@p101_fileno	p101_fileno	c/stdio-streams-files-extensions
c:@F@p101_flockfile	p101_flockfile	c/stdio-streams-files-extensions
c:@F@p101_floor	p101_floor	c/math-rounding-remainder
c:@F@p101_floorf	p101_floorf	c/math-rounding-remainder
c:@F@p101_floorl	p101_floorl	c/math-rounding-remainder
c:@F@p101_fma	p101_fma	c/math-floating
c:@F@p101_fmaf	p101_fmaf	c/math-floating
c:@F@p101_fmal	p101_fmal	c/math-floating
c:@F@p101_fmax	p101_fmax	c/math-floating
c:@F@p101_fmaxf	p101_fmaxf	c/math-floating
c:@F@p101_fmaxl	p101_fmaxl	c/math-floating
c:@F@p101_fmemopen	p101_fmemopen	c/stdio-streams-files-extensions
c:@F@p101_fmin	p101_fmin	c/math-floating
c:@F@p101_fminf	p101_fminf	c/math-floating
c:@F@p101_fminl	p101_fminl	c/math-floating
c:@F@p101_fmod	p101_fmod	c/math-rounding-remainder
c:@F@p101_fmodf	p101_fmodf	c/math-rounding-remainder
c:@F@p101_fmodl	p101_fmodl	c/math-rounding-remainder
c:@F@p101_fmtmsg	p101_fmtmsg	systems/logging-diagnostics
c:@F@p101_fnmatch	p101_fnmatch	systems/directories-patterns
c:@F@p101_fopen	p101_fopen	c/stdio-streams-files
c:@F@p101_fork	p101_fork	systems/process-signal
c:@F@p101_fpathconf	p101_fpathconf	systems/system-configuration
c:@F@p101_fprintf	p101_fprintf	c/stdio-formatted
c:@F@p101_fpurge	p101_fpurge	c/stdio-streams-files-extensions
c:@F@p101_fputc	p101_fputc	c/stdio-character-io
c:@F@p101_fputs	p101_fputs	c/stdio-character-io
c:@F@p101_fputwc	p101_fputwc	c/wide-stdio
c:@F@p101_fputws	p101_fputws	c/wide-stdio
c:@F@p101_fread	p101_fread	c/stdio-streams-files
c:@F@p101_free	p101_free	c/stdlib
c:@F@p101_freeaddrinfo	p101_freeaddrinfo	network/name-resolution
c:@F@p101_freeifaddrs	p101_freeifaddrs	network/interfaces
c:@F@p101_freelocale	p101_freelocale	systems/localization-conversion
c:@F@p101_freopen	p101_freopen	c/stdio-streams-files
c:@F@p101_frexp	p101_frexp	c/math-rounding-remainder
c:@F@p101_frexpf	p101_frexpf	c/math-rounding-remainder
c:@F@p101_frexpl	p101_frexpl	c/math-rounding-remainder
c:@F@p101_fscanf	p101_fscanf	c/stdio-formatted
c:@F@p101_fseek	p101_fseek	c/stdio-streams-files
c:@F@p101_fseeko	p101_fseeko	c/stdio-streams-files-extensions
c:@F@p101_fsetpos	p101_fsetpos	c/stdio-streams-files
c:@F@p101_fsm_decide_exit	p101_fsm_decide_exit	support/fsm
c:@F@p101_fsm_decide_pause	p101_fsm_decide_pause	support/fsm
c:@F@p101_fsm_decide_transition	p101_fsm_decide_transition	support/fsm
c:@F@p101_fsm_effect_batch_count	p101_fsm_effect_batch_count	support/fsm
c:@F@p101_fsm_effect_batch_create	p101_fsm_effect_batch_create	support/fsm
c:@F@p101_fsm_effect_batch_destroy	p101_fsm_effect_batch_destroy	support/fsm
c:@F@p101_fsm_effect_batch_finish_step	p101_fsm_effect_batch_finish_step	support/fsm
c:@F@p101_fsm_effect_batch_sink	p101_fsm_effect_batch_sink	support/fsm
c:@F@p101_fsm_emit_effect	p101_fsm_emit_effect	support/fsm
c:@F@p101_fsm_exit_immediately	p101_fsm_exit_immediately	support/fsm
c:@F@p101_fsm_info_create	p101_fsm_info_create	support/fsm
c:@F@p101_fsm_info_default_bad_change_state_handler	p101_fsm_info_default_bad_change_state_handler	support/fsm
c:@F@p101_fsm_info_default_bad_change_state_notifier	p101_fsm_info_default_bad_change_state_notifier	support/fsm
c:@F@p101_fsm_info_default_did_change_state_notifier	p101_fsm_info_default_did_change_state_notifier	support/fsm
c:@F@p101_fsm_info_default_will_change_state_notifier	p101_fsm_info_default_will_change_state_notifier	support/fsm
c:@F@p101_fsm_info_destroy	p101_fsm_info_destroy	support/fsm
c:@F@p101_fsm_info_get_bad_change_state_handler	p101_fsm_info_get_bad_change_state_handler	support/fsm
c:@F@p101_fsm_info_get_bad_change_state_notifier	p101_fsm_info_get_bad_change_state_notifier	support/fsm
c:@F@p101_fsm_info_get_current_state	p101_fsm_info_get_current_state	support/fsm
c:@F@p101_fsm_info_get_did_change_state_notifier	p101_fsm_info_get_did_change_state_notifier	support/fsm
c:@F@p101_fsm_info_get_name	p101_fsm_info_get_name	support/fsm
c:@F@p101_fsm_info_get_step_sequence	p101_fsm_info_get_step_sequence	support/fsm
c:@F@p101_fsm_info_get_will_change_state_notifier	p101_fsm_info_get_will_change_state_notifier	support/fsm
c:@F@p101_fsm_info_is_terminal	p101_fsm_info_is_terminal	support/fsm
c:@F@p101_fsm_info_set_bad_change_state_handler	p101_fsm_info_set_bad_change_state_handler	support/fsm
c:@F@p101_fsm_info_set_bad_change_state_notifier	p101_fsm_info_set_bad_change_state_notifier	support/fsm
c:@F@p101_fsm_info_set_did_change_state_notifier	p101_fsm_info_set_did_change_state_notifier	support/fsm
c:@F@p101_fsm_info_set_step_observer	p101_fsm_info_set_step_observer	support/fsm
c:@F@p101_fsm_info_set_will_change_state_notifier	p101_fsm_info_set_will_change_state_notifier	support/fsm
c:@F@p101_fsm_run	p101_fsm_run	support/fsm
c:@F@p101_fsm_step	p101_fsm_step	support/fsm
c:@F@p101_fstat	p101_fstat	systems/filesystem-paths
c:@F@p101_fstatat	p101_fstatat	systems/filesystem-paths
c:@F@p101_fstatvfs	p101_fstatvfs	systems/filesystem-paths
c:@F@p101_ftell	p101_ftell	c/stdio-streams-files
c:@F@p101_ftello	p101_ftello	c/stdio-streams-files-extensions
c:@F@p101_ftok	p101_ftok	systems/ipc
c:@F@p101_ftruncate	p101_ftruncate	systems/fd-io
c:@F@p101_ftrylockfile	p101_ftrylockfile	c/stdio-streams-files-extensions
c:@F@p101_ftw	p101_ftw	systems/directories-patterns
c:@F@p101_funlockfile	p101_funlockfile	c/stdio-streams-files-extensions
c:@F@p101_futimens	p101_futimens	systems/filesystem-paths
c:@F@p101_fwide	p101_fwide	c/wide-strings
c:@F@p101_fwprintf	p101_fwprintf	c/wide-stdio
c:@F@p101_fwrite	p101_fwrite	c/stdio-streams-files
c:@F@p101_fwscanf	p101_fwscanf	c/wide-stdio
c:@F@p101_gai_strerror	p101_gai_strerror	network/name-resolution
c:@F@p101_getaddrinfo	p101_getaddrinfo	network/name-resolution
c:@F@p101_getc	p101_getc	c/stdio-character-io
c:@F@p101_getc_unlocked	p101_getc_unlocked	c/stdio-character-io-extensions
c:@F@p101_getchar	p101_getchar	c/stdio-character-io
c:@F@p101_getchar_unlocked	p101_getchar_unlocked	c/stdio-character-io-extensions
c:@F@p101_getcwd	p101_getcwd	systems/system-configuration
c:@F@p101_getdelim	p101_getdelim	c/stdio-streams-files-extensions
c:@F@p101_getdomainname	p101_getdomainname	systems/platform-admin
c:@F@p101_getegid	p101_getegid	systems/users-terminals
c:@F@p101_getenv	p101_getenv	c/stdlib
c:@F@p101_geteuid	p101_geteuid	systems/users-terminals
c:@F@p101_getgid	p101_getgid	systems/users-terminals
c:@F@p101_getgrgid_r	p101_getgrgid_r	systems/users-terminals
c:@F@p101_getgrnam_r	p101_getgrnam_r	systems/users-terminals
c:@F@p101_getgroups	p101_getgroups	systems/users-terminals
c:@F@p101_gethostid	p101_gethostid	systems/platform-admin
c:@F@p101_gethostname	p101_gethostname	systems/platform-admin
c:@F@p101_getifaddrs	p101_getifaddrs	network/interfaces
c:@F@p101_getline	p101_getline	c/stdio-streams-files-extensions
c:@F@p101_getloadavg	p101_getloadavg	systems/platform-admin
c:@F@p101_getlogin_r	p101_getlogin_r	systems/users-terminals
c:@F@p101_getnameinfo	p101_getnameinfo	network/name-resolution
c:@F@p101_getopt	p101_getopt	c/cli-parsing
c:@F@p101_getopt_long	p101_getopt_long	c/cli-parsing
c:@F@p101_getopt_long_only	p101_getopt_long_only	c/cli-parsing
c:@F@p101_getpeername	p101_getpeername	network/sockets
c:@F@p101_getpgid	p101_getpgid	systems/process-signal
c:@F@p101_getpgrp	p101_getpgrp	systems/process-signal
c:@F@p101_getpid	p101_getpid	systems/process-signal
c:@F@p101_getppid	p101_getppid	systems/process-signal
c:@F@p101_getpriority	p101_getpriority	systems/process-signal
c:@F@p101_getpwnam_r	p101_getpwnam_r	systems/users-terminals
c:@F@p101_getpwuid_r	p101_getpwuid_r	systems/users-terminals
c:@F@p101_getrlimit	p101_getrlimit	systems/process-signal
c:@F@p101_getrusage	p101_getrusage	systems/process-signal
c:@F@p101_getsid	p101_getsid	systems/process-signal
c:@F@p101_getsockname	p101_getsockname	network/sockets
c:@F@p101_getsockopt	p101_getsockopt	network/sockets
c:@F@p101_getsubopt	p101_getsubopt	c/cli-parsing
c:@F@p101_getuid	p101_getuid	systems/users-terminals
c:@F@p101_getusershell	p101_getusershell	systems/users-terminals
c:@F@p101_getutxent	p101_getutxent	systems/users-terminals
c:@F@p101_getutxid	p101_getutxid	systems/users-terminals
c:@F@p101_getutxline	p101_getutxline	systems/users-terminals
c:@F@p101_getwc	p101_getwc	c/wide-stdio
c:@F@p101_getwchar	p101_getwchar	c/wide-stdio
c:@F@p101_glob	p101_glob	systems/directories-patterns
c:@F@p101_globfree	p101_globfree	systems/directories-patterns
c:@F@p101_gmtime_r	p101_gmtime_r	systems/resource-time-memory
c:@F@p101_grantpt	p101_grantpt	systems/users-terminals
c:@F@p101_hcreate	p101_hcreate	systems/search-structures
c:@F@p101_hdestroy	p101_hdestroy	systems/search-structures
c:@F@p101_hsearch	p101_hsearch	systems/search-structures
c:@F@p101_htobe16	p101_htobe16	c/byte-utility
c:@F@p101_htobe32	p101_htobe32	c/byte-utility
c:@F@p101_htobe64	p101_htobe64	c/byte-utility
c:@F@p101_htole16	p101_htole16	c/byte-utility
c:@F@p101_htole32	p101_htole32	c/byte-utility
c:@F@p101_htole64	p101_htole64	c/byte-utility
c:@F@p101_htonl	p101_htonl	network/address-conversion
c:@F@p101_htons	p101_htons	network/address-conversion
c:@F@p101_hypot	p101_hypot	c/math-exp-log-power
c:@F@p101_hypotf	p101_hypotf	c/math-exp-log-power
c:@F@p101_hypotl	p101_hypotl	c/math-exp-log-power
c:@F@p101_iconv	p101_iconv	systems/localization-conversion
c:@F@p101_iconv_close	p101_iconv_close	systems/localization-conversion
c:@F@p101_iconv_open	p101_iconv_open	systems/localization-conversion
c:@F@p101_if_freenameindex	p101_if_freenameindex	network/interfaces
c:@F@p101_if_indextoname	p101_if_indextoname	network/interfaces
c:@F@p101_if_nameindex	p101_if_nameindex	network/interfaces
c:@F@p101_if_nametoindex	p101_if_nametoindex	network/interfaces
c:@F@p101_ilogb	p101_ilogb	c/math-floating
c:@F@p101_ilogbf	p101_ilogbf	c/math-floating
c:@F@p101_ilogbl	p101_ilogbl	c/math-floating
c:@F@p101_imaxabs	p101_imaxabs	c/inttypes
c:@F@p101_imaxdiv	p101_imaxdiv	c/inttypes
c:@F@p101_inet_addr	p101_inet_addr	network/address-conversion
c:@F@p101_inet_aton	p101_inet_aton	network/address-conversion
c:@F@p101_inet_lnaof	p101_inet_lnaof	network/address-conversion
c:@F@p101_inet_makeaddr	p101_inet_makeaddr	network/address-conversion
c:@F@p101_inet_net_ntop	p101_inet_net_ntop	network/address-conversion
c:@F@p101_inet_net_pton	p101_inet_net_pton	network/address-conversion
c:@F@p101_inet_netof	p101_inet_netof	network/address-conversion
c:@F@p101_inet_network	p101_inet_network	network/address-conversion
c:@F@p101_inet_ntoa	p101_inet_ntoa	network/address-conversion
c:@F@p101_inet_ntop	p101_inet_ntop	network/address-conversion
c:@F@p101_inet_pton	p101_inet_pton	network/address-conversion
c:@F@p101_initstate	p101_initstate	c/random
c:@F@p101_insque	p101_insque	systems/search-structures
c:@F@p101_is_little_endian	p101_is_little_endian	c/byte-utility
c:@F@p101_isalnum	p101_isalnum	c/char-classification
c:@F@p101_isalnum_l	p101_isalnum_l	c/byte-strings-extensions
c:@F@p101_isalpha	p101_isalpha	c/char-classification
c:@F@p101_isalpha_l	p101_isalpha_l	c/byte-strings-extensions
c:@F@p101_isatty	p101_isatty	systems/users-terminals
c:@F@p101_isblank	p101_isblank	c/char-classification
c:@F@p101_isblank_l	p101_isblank_l	c/byte-strings-extensions
c:@F@p101_iscntrl	p101_iscntrl	c/char-classification
c:@F@p101_iscntrl_l	p101_iscntrl_l	c/byte-strings-extensions
c:@F@p101_isdigit	p101_isdigit	c/char-classification
c:@F@p101_isdigit_l	p101_isdigit_l	c/byte-strings-extensions
c:@F@p101_isgraph	p101_isgraph	c/char-classification
c:@F@p101_isgraph_l	p101_isgraph_l	c/byte-strings-extensions
c:@F@p101_islower	p101_islower	c/char-classification
c:@F@p101_islower_l	p101_islower_l	c/byte-strings-extensions
c:@F@p101_isprint	p101_isprint	c/char-classification
c:@F@p101_isprint_l	p101_isprint_l	c/byte-strings-extensions
c:@F@p101_ispunct	p101_ispunct	c/char-classification
c:@F@p101_ispunct_l	p101_ispunct_l	c/byte-strings-extensions
c:@F@p101_isspace	p101_isspace	c/char-classification
c:@F@p101_isspace_l	p101_isspace_l	c/byte-strings-extensions
c:@F@p101_isupper	p101_isupper	c/char-classification
c:@F@p101_isupper_l	p101_isupper_l	c/byte-strings-extensions
c:@F@p101_iswalnum	p101_iswalnum	c/wide-char-classification
c:@F@p101_iswalnum_l	p101_iswalnum_l	c/byte-strings-extensions
c:@F@p101_iswalpha	p101_iswalpha	c/wide-char-classification
c:@F@p101_iswalpha_l	p101_iswalpha_l	c/byte-strings-extensions
c:@F@p101_iswblank	p101_iswblank	c/wide-char-classification
c:@F@p101_iswblank_l	p101_iswblank_l	c/byte-strings-extensions
c:@F@p101_iswcntrl	p101_iswcntrl	c/wide-char-classification
c:@F@p101_iswcntrl_l	p101_iswcntrl_l	c/byte-strings-extensions
c:@F@p101_iswctype	p101_iswctype	c/wide-char-classification
c:@F@p101_iswctype_l	p101_iswctype_l	c/byte-strings-extensions
c:@F@p101_iswdigit	p101_iswdigit	c/wide-char-classification
c:@F@p101_iswdigit_l	p101_iswdigit_l	c/byte-strings-extensions
c:@F@p101_iswgraph	p101_iswgraph	c/wide-char-classification
c:@F@p101_iswgraph_l	p101_iswgraph_l	c/byte-strings-extensions
c:@F@p101_iswlower	p101_iswlower	c/wide-char-classification
c:@F@p101_iswlower_l	p101_iswlower_l	c/byte-strings-extensions
c:@F@p101_iswprint	p101_iswprint	c/wide-char-classification
c:@F@p101_iswprint_l	p101_iswprint_l	c/byte-strings-extensions
c:@F@p101_iswpunct	p101_iswpunct	c/wide-char-classification
c:@F@p101_iswpunct_l	p101_iswpunct_l	c/byte-strings-extensions
c:@F@p101_iswspace	p101_iswspace	c/wide-char-classification
c:@F@p101_iswspace_l	p101_iswspace_l	c/byte-strings-extensions
c:@F@p101_iswupper	p101_iswupper	c/wide-char-classification
c:@F@p101_iswupper_l	p101_iswupper_l	c/byte-strings-extensions
c:@F@p101_iswxdigit	p101_iswxdigit	c/wide-char-classification
c:@F@p101_iswxdigit_l	p101_iswxdigit_l	c/byte-strings-extensions
c:@F@p101_isxdigit	p101_isxdigit	c/char-classification
c:@F@p101_isxdigit_l	p101_isxdigit_l	c/byte-strings-extensions
c:@F@p101_j0	p101_j0	c/math-other
c:@F@p101_j1	p101_j1	c/math-other
c:@F@p101_jn	p101_jn	c/math-other
c:@F@p101_kill	p101_kill	systems/process-signal
c:@F@p101_killpg	p101_killpg	systems/process-signal
c:@F@p101_l64a	p101_l64a	c/byte-strings-extensions
c:@F@p101_labs	p101_labs	c/stdlib
c:@F@p101_lchown	p101_lchown	systems/filesystem-paths
c:@F@p101_ldexp	p101_ldexp	c/math-rounding-remainder
c:@F@p101_ldexpf	p101_ldexpf	c/math-rounding-remainder
c:@F@p101_ldexpl	p101_ldexpl	c/math-rounding-remainder
c:@F@p101_ldiv	p101_ldiv	c/stdlib
c:@F@p101_le16toh	p101_le16toh	c/byte-utility
c:@F@p101_le32toh	p101_le32toh	c/byte-utility
c:@F@p101_le64toh	p101_le64toh	c/byte-utility
c:@F@p101_lfind	p101_lfind	systems/search-structures
c:@F@p101_lgamma	p101_lgamma	c/math-exp-log-power
c:@F@p101_lgammaf	p101_lgammaf	c/math-exp-log-power
c:@F@p101_lgammal	p101_lgammal	c/math-exp-log-power
c:@F@p101_link	p101_link	systems/filesystem-paths
c:@F@p101_linkat	p101_linkat	systems/filesystem-paths
c:@F@p101_lio_listio	p101_lio_listio	systems/async-io
c:@F@p101_listen	p101_listen	network/sockets
c:@F@p101_llabs	p101_llabs	c/stdlib
c:@F@p101_lldiv	p101_lldiv	c/stdlib
c:@F@p101_llrint	p101_llrint	c/math-rounding-remainder
c:@F@p101_llrintf	p101_llrintf	c/math-rounding-remainder
c:@F@p101_llrintl	p101_llrintl	c/math-rounding-remainder
c:@F@p101_llround	p101_llround	c/math-rounding-remainder
c:@F@p101_llroundf	p101_llroundf	c/math-rounding-remainder
c:@F@p101_llroundl	p101_llroundl	c/math-rounding-remainder
c:@F@p101_localeconv	p101_localeconv	c/locale
c:@F@p101_localtime_r	p101_localtime_r	systems/resource-time-memory
c:@F@p101_lockf	p101_lockf	systems/fd-io
c:@F@p101_log	p101_log	c/math-exp-log-power
c:@F@p101_log10	p101_log10	c/math-exp-log-power
c:@F@p101_log10f	p101_log10f	c/math-exp-log-power
c:@F@p101_log10l	p101_log10l	c/math-exp-log-power
c:@F@p101_log1p	p101_log1p	c/math-exp-log-power
c:@F@p101_log1pf	p101_log1pf	c/math-exp-log-power
c:@F@p101_log1pl	p101_log1pl	c/math-exp-log-power
c:@F@p101_log2	p101_log2	c/math-exp-log-power
c:@F@p101_log2f	p101_log2f	c/math-exp-log-power
c:@F@p101_log2l	p101_log2l	c/math-exp-log-power
c:@F@p101_logb	p101_logb	c/math-exp-log-power
c:@F@p101_logbf	p101_logbf	c/math-exp-log-power
c:@F@p101_logbl	p101_logbl	c/math-exp-log-power
c:@F@p101_logf	p101_logf	c/math-exp-log-power
c:@F@p101_logl	p101_logl	c/math-exp-log-power
c:@F@p101_longjmp	p101_longjmp	c/control-flow
c:@F@p101_lrint	p101_lrint	c/math-rounding-remainder
c:@F@p101_lrintf	p101_lrintf	c/math-rounding-remainder
c:@F@p101_lrintl	p101_lrintl	c/math-rounding-remainder
c:@F@p101_lround	p101_lround	c/math-rounding-remainder
c:@F@p101_lroundf	p101_lroundf	c/math-rounding-remainder
c:@F@p101_lroundl	p101_lroundl	c/math-rounding-remainder
c:@F@p101_lsearch	p101_lsearch	systems/search-structures
c:@F@p101_lseek	p101_lseek	systems/fd-io
c:@F@p101_lstat	p101_lstat	systems/filesystem-paths
c:@F@p101_malloc	p101_malloc	c/stdlib
c:@F@p101_mblen	p101_mblen	c/stdlib
c:@F@p101_mbrlen	p101_mbrlen	c/wide-conversion
c:@F@p101_mbrtowc	p101_mbrtowc	c/wide-conversion
c:@F@p101_mbsinit	p101_mbsinit	c/wide-conversion
c:@F@p101_mbsnrtowcs	p101_mbsnrtowcs	c/byte-strings-extensions
c:@F@p101_mbsrtowcs	p101_mbsrtowcs	c/wide-conversion
c:@F@p101_mbstowcs	p101_mbstowcs	c/stdlib
c:@F@p101_mbtowc	p101_mbtowc	c/stdlib
c:@F@p101_memccpy	p101_memccpy	c/memory-bytes-extensions
c:@F@p101_memchr	p101_memchr	c/memory-bytes
c:@F@p101_memcmp	p101_memcmp	c/memory-bytes
c:@F@p101_memcpy	p101_memcpy	c/memory-bytes
c:@F@p101_memmove	p101_memmove	c/memory-bytes
c:@F@p101_memset	p101_memset	c/memory-bytes
c:@F@p101_mkdir	p101_mkdir	systems/filesystem-paths
c:@F@p101_mkdirat	p101_mkdirat	systems/filesystem-paths
c:@F@p101_mkdtemp	p101_mkdtemp	systems/directories-patterns
c:@F@p101_mkfifo	p101_mkfifo	systems/ipc
c:@F@p101_mknod	p101_mknod	systems/filesystem-paths
c:@F@p101_mkstemp	p101_mkstemp	systems/directories-patterns
c:@F@p101_mktime	p101_mktime	c/time
c:@F@p101_mlock	p101_mlock	systems/resource-time-memory
c:@F@p101_mlockall	p101_mlockall	systems/resource-time-memory
c:@F@p101_mmap	p101_mmap	systems/resource-time-memory
c:@F@p101_modf	p101_modf	c/math-rounding-remainder
c:@F@p101_modff	p101_modff	c/math-rounding-remainder
c:@F@p101_modfl	p101_modfl	c/math-rounding-remainder
c:@F@p101_mprotect	p101_mprotect	systems/resource-time-memory
c:@F@p101_msgctl	p101_msgctl	systems/ipc
c:@F@p101_msgget	p101_msgget	systems/ipc
c:@F@p101_msgrcv	p101_msgrcv	systems/ipc
c:@F@p101_msgsnd	p101_msgsnd	systems/ipc
c:@F@p101_msync	p101_msync	systems/resource-time-memory
c:@F@p101_munlock	p101_munlock	systems/resource-time-memory
c:@F@p101_munlockall	p101_munlockall	systems/resource-time-memory
c:@F@p101_munmap	p101_munmap	systems/resource-time-memory
c:@F@p101_nan	p101_nan	c/math-floating
c:@F@p101_nanf	p101_nanf	c/math-floating
c:@F@p101_nanl	p101_nanl	c/math-floating
c:@F@p101_nanosleep	p101_nanosleep	systems/resource-time-memory
c:@F@p101_nearbyint	p101_nearbyint	c/math-rounding-remainder
c:@F@p101_nearbyintf	p101_nearbyintf	c/math-rounding-remainder
c:@F@p101_nearbyintl	p101_nearbyintl	c/math-rounding-remainder
c:@F@p101_newlocale	p101_newlocale	systems/localization-conversion
c:@F@p101_nextafter	p101_nextafter	c/math-floating
c:@F@p101_nextafterf	p101_nextafterf	c/math-floating
c:@F@p101_nextafterl	p101_nextafterl	c/math-floating
c:@F@p101_nexttoward	p101_nexttoward	c/math-floating
c:@F@p101_nexttowardf	p101_nexttowardf	c/math-floating
c:@F@p101_nexttowardl	p101_nexttowardl	c/math-floating
c:@F@p101_nftw	p101_nftw	systems/directories-patterns
c:@F@p101_nice	p101_nice	systems/process-signal
c:@F@p101_nl_langinfo	p101_nl_langinfo	systems/localization-conversion
c:@F@p101_nl_langinfo_l	p101_nl_langinfo_l	systems/localization-conversion
c:@F@p101_ntohl	p101_ntohl	network/address-conversion
c:@F@p101_ntohs	p101_ntohs	network/address-conversion
c:@F@p101_open	p101_open	systems/fd-io
c:@F@p101_open_memstream	p101_open_memstream	c/stdio-streams-files-extensions
c:@F@p101_open_wmemstream	p101_open_wmemstream	c/byte-strings-extensions
c:@F@p101_openat	p101_openat	systems/fd-io
c:@F@p101_opendir	p101_opendir	systems/directories-patterns
c:@F@p101_openlog	p101_openlog	systems/logging-diagnostics
c:@F@p101_parse_char	p101_parse_char	c/conversion
c:@F@p101_parse_in_port_t	p101_parse_in_port_t	network/conversion
c:@F@p101_parse_int	p101_parse_int	c/conversion
c:@F@p101_parse_int16_t	p101_parse_int16_t	c/conversion
c:@F@p101_parse_int32_t	p101_parse_int32_t	c/conversion
c:@F@p101_parse_int64_t	p101_parse_int64_t	c/conversion
c:@F@p101_parse_int8_t	p101_parse_int8_t	c/conversion
c:@F@p101_parse_long	p101_parse_long	c/conversion
c:@F@p101_parse_long_long	p101_parse_long_long	c/conversion
c:@F@p101_parse_negative_char	p101_parse_negative_char	c/conversion
c:@F@p101_parse_negative_int	p101_parse_negative_int	c/conversion
c:@F@p101_parse_negative_int16_t	p101_parse_negative_int16_t	c/conversion
c:@F@p101_parse_negative_int32_t	p101_parse_negative_int32_t	c/conversion
c:@F@p101_parse_negative_int64_t	p101_parse_negative_int64_t	c/conversion
c:@F@p101_parse_negative_int8_t	p101_parse_negative_int8_t	c/conversion
c:@F@p101_parse_negative_long	p101_parse_negative_long	c/conversion
c:@F@p101_parse_negative_long_long	p101_parse_negative_long_long	c/conversion
c:@F@p101_parse_negative_short	p101_parse_negative_short	c/conversion
c:@F@p101_parse_positive_char	p101_parse_positive_char	c/conversion
c:@F@p101_parse_positive_int	p101_parse_positive_int	c/conversion
c:@F@p101_parse_positive_int16_t	p101_parse_positive_int16_t	c/conversion
c:@F@p101_parse_positive_int32_t	p101_parse_positive_int32_t	c/conversion
c:@F@p101_parse_positive_int64_t	p101_parse_positive_int64_t	c/conversion
c:@F@p101_parse_positive_int8_t	p101_parse_positive_int8_t	c/conversion
c:@F@p101_parse_positive_long	p101_parse_positive_long	c/conversion
c:@F@p101_parse_positive_long_long	p101_parse_positive_long_long	c/conversion
c:@F@p101_parse_positive_short	p101_parse_positive_short	c/conversion
c:@F@p101_parse_short	p101_parse_short	c/conversion
c:@F@p101_parse_uint16_t	p101_parse_uint16_t	c/conversion
c:@F@p101_parse_uint32_t	p101_parse_uint32_t	c/conversion
c:@F@p101_parse_uint64_t	p101_parse_uint64_t	c/conversion
c:@F@p101_parse_uint8_t	p101_parse_uint8_t	c/conversion
c:@F@p101_parse_unsigned_char	p101_parse_unsigned_char	c/conversion
c:@F@p101_parse_unsigned_int	p101_parse_unsigned_int	c/conversion
c:@F@p101_parse_unsigned_long	p101_parse_unsigned_long	c/conversion
c:@F@p101_parse_unsigned_long_long	p101_parse_unsigned_long_long	c/conversion
c:@F@p101_parse_unsigned_short	p101_parse_unsigned_short	c/conversion
c:@F@p101_pathconf	p101_pathconf	systems/system-configuration
c:@F@p101_pause	p101_pause	systems/process-signal
c:@F@p101_pclose	p101_pclose	systems/process-signal
c:@F@p101_perror	p101_perror	c/stdio-streams-files
c:@F@p101_pipe	p101_pipe	systems/ipc
c:@F@p101_poll	p101_poll	systems/io-multiplexing
c:@F@p101_popen	p101_popen	systems/process-signal
c:@F@p101_posix_madvise	p101_posix_madvise	systems/resource-time-memory
c:@F@p101_posix_memalign	p101_posix_memalign	systems/resource-time-memory
c:@F@p101_posix_openpt	p101_posix_openpt	systems/users-terminals
c:@F@p101_posix_spawn	p101_posix_spawn	systems/process-signal
c:@F@p101_posix_spawn_file_actions_addclose	p101_posix_spawn_file_actions_addclose	systems/process-signal
c:@F@p101_posix_spawn_file_actions_adddup2	p101_posix_spawn_file_actions_adddup2	systems/process-signal
c:@F@p101_posix_spawn_file_actions_addopen	p101_posix_spawn_file_actions_addopen	systems/process-signal
c:@F@p101_posix_spawn_file_actions_destroy	p101_posix_spawn_file_actions_destroy	systems/process-signal
c:@F@p101_posix_spawn_file_actions_init	p101_posix_spawn_file_actions_init	systems/process-signal
c:@F@p101_posix_spawnattr_destroy	p101_posix_spawnattr_destroy	systems/process-signal
c:@F@p101_posix_spawnattr_getflags	p101_posix_spawnattr_getflags	systems/process-signal
c:@F@p101_posix_spawnattr_getpgroup	p101_posix_spawnattr_getpgroup	systems/process-signal
c:@F@p101_posix_spawnattr_getsigdefault	p101_posix_spawnattr_getsigdefault	systems/process-signal
c:@F@p101_posix_spawnattr_getsigmask	p101_posix_spawnattr_getsigmask	systems/process-signal
c:@F@p101_posix_spawnattr_init	p101_posix_spawnattr_init	systems/process-signal
c:@F@p101_posix_spawnattr_setflags	p101_posix_spawnattr_setflags	systems/process-signal
c:@F@p101_posix_spawnattr_setpgroup	p101_posix_spawnattr_setpgroup	systems/process-signal
c:@F@p101_posix_spawnattr_setsigdefault	p101_posix_spawnattr_setsigdefault	systems/process-signal
c:@F@p101_posix_spawnattr_setsigmask	p101_posix_spawnattr_setsigmask	systems/process-signal
c:@F@p101_posix_spawnp	p101_posix_spawnp	systems/process-signal
c:@F@p101_pow	p101_pow	c/math-exp-log-power
c:@F@p101_powf	p101_powf	c/math-exp-log-power
c:@F@p101_powl	p101_powl	c/math-exp-log-power
c:@F@p101_pread	p101_pread	systems/fd-io
c:@F@p101_printf	p101_printf	c/stdio-formatted
c:@F@p101_pselect	p101_pselect	systems/io-multiplexing
c:@F@p101_pthread_atfork	p101_pthread_atfork	systems/thread-lifecycle
c:@F@p101_pthread_attr_destroy	p101_pthread_attr_destroy	systems/thread-attributes
c:@F@p101_pthread_attr_getdetachstate	p101_pthread_attr_getdetachstate	systems/thread-attributes
c:@F@p101_pthread_attr_getguardsize	p101_pthread_attr_getguardsize	systems/thread-attributes
c:@F@p101_pthread_attr_getinheritsched	p101_pthread_attr_getinheritsched	systems/thread-attributes
c:@F@p101_pthread_attr_getschedparam	p101_pthread_attr_getschedparam	systems/thread-attributes
c:@F@p101_pthread_attr_getschedpolicy	p101_pthread_attr_getschedpolicy	systems/thread-attributes
c:@F@p101_pthread_attr_getscope	p101_pthread_attr_getscope	systems/thread-attributes
c:@F@p101_pthread_attr_getstack	p101_pthread_attr_getstack	systems/thread-attributes
c:@F@p101_pthread_attr_getstacksize	p101_pthread_attr_getstacksize	systems/thread-attributes
c:@F@p101_pthread_attr_init	p101_pthread_attr_init	systems/thread-attributes
c:@F@p101_pthread_attr_setdetachstate	p101_pthread_attr_setdetachstate	systems/thread-attributes
c:@F@p101_pthread_attr_setguardsize	p101_pthread_attr_setguardsize	systems/thread-attributes
c:@F@p101_pthread_attr_setinheritsched	p101_pthread_attr_setinheritsched	systems/thread-attributes
c:@F@p101_pthread_attr_setschedparam	p101_pthread_attr_setschedparam	systems/thread-attributes
c:@F@p101_pthread_attr_setschedpolicy	p101_pthread_attr_setschedpolicy	systems/thread-attributes
c:@F@p101_pthread_attr_setscope	p101_pthread_attr_setscope	systems/thread-attributes
c:@F@p101_pthread_attr_setstack	p101_pthread_attr_setstack	systems/thread-attributes
c:@F@p101_pthread_attr_setstacksize	p101_pthread_attr_setstacksize	systems/thread-attributes
c:@F@p101_pthread_cancel	p101_pthread_cancel	systems/thread-cancellation
c:@F@p101_pthread_cond_broadcast	p101_pthread_cond_broadcast	systems/thread-conditions
c:@F@p101_pthread_cond_destroy	p101_pthread_cond_destroy	systems/thread-conditions
c:@F@p101_pthread_cond_init	p101_pthread_cond_init	systems/thread-conditions
c:@F@p101_pthread_cond_signal	p101_pthread_cond_signal	systems/thread-conditions
c:@F@p101_pthread_cond_timedwait	p101_pthread_cond_timedwait	systems/thread-conditions
c:@F@p101_pthread_cond_wait	p101_pthread_cond_wait	systems/thread-conditions
c:@F@p101_pthread_condattr_destroy	p101_pthread_condattr_destroy	systems/thread-conditions
c:@F@p101_pthread_condattr_getpshared	p101_pthread_condattr_getpshared	systems/thread-conditions
c:@F@p101_pthread_condattr_init	p101_pthread_condattr_init	systems/thread-conditions
c:@F@p101_pthread_condattr_setpshared	p101_pthread_condattr_setpshared	systems/thread-conditions
c:@F@p101_pthread_create	p101_pthread_create	systems/thread-lifecycle
c:@F@p101_pthread_detach	p101_pthread_detach	systems/thread-lifecycle
c:@F@p101_pthread_equal	p101_pthread_equal	systems/thread-lifecycle
c:@F@p101_pthread_exit	p101_pthread_exit	systems/thread-lifecycle
c:@F@p101_pthread_getschedparam	p101_pthread_getschedparam	systems/thread-lifecycle
c:@F@p101_pthread_getspecific	p101_pthread_getspecific	systems/thread-local-once
c:@F@p101_pthread_join	p101_pthread_join	systems/thread-lifecycle
c:@F@p101_pthread_key_create	p101_pthread_key_create	systems/thread-local-once
c:@F@p101_pthread_key_delete	p101_pthread_key_delete	systems/thread-local-once
c:@F@p101_pthread_kill	p101_pthread_kill	systems/thread-lifecycle
c:@F@p101_pthread_mutex_destroy	p101_pthread_mutex_destroy	systems/thread-mutexes
c:@F@p101_pthread_mutex_getprioceiling	p101_pthread_mutex_getprioceiling	systems/thread-mutexes
c:@F@p101_pthread_mutex_init	p101_pthread_mutex_init	systems/thread-mutexes
c:@F@p101_pthread_mutex_lock	p101_pthread_mutex_lock	systems/thread-mutexes
c:@F@p101_pthread_mutex_setprioceiling	p101_pthread_mutex_setprioceiling	systems/thread-mutexes
c:@F@p101_pthread_mutex_trylock	p101_pthread_mutex_trylock	systems/thread-mutexes
c:@F@p101_pthread_mutex_unlock	p101_pthread_mutex_unlock	systems/thread-mutexes
c:@F@p101_pthread_mutexattr_destroy	p101_pthread_mutexattr_destroy	systems/thread-mutexes
c:@F@p101_pthread_mutexattr_getprioceiling	p101_pthread_mutexattr_getprioceiling	systems/thread-mutexes
c:@F@p101_pthread_mutexattr_getprotocol	p101_pthread_mutexattr_getprotocol	systems/thread-mutexes
c:@F@p101_pthread_mutexattr_getpshared	p101_pthread_mutexattr_getpshared	systems/thread-mutexes
c:@F@p101_pthread_mutexattr_gettype	p101_pthread_mutexattr_gettype	systems/thread-mutexes
c:@F@p101_pthread_mutexattr_init	p101_pthread_mutexattr_init	systems/thread-mutexes
c:@F@p101_pthread_mutexattr_setprioceiling	p101_pthread_mutexattr_setprioceiling	systems/thread-mutexes
c:@F@p101_pthread_mutexattr_setprotocol	p101_pthread_mutexattr_setprotocol	systems/thread-mutexes
c:@F@p101_pthread_mutexattr_setpshared	p101_pthread_mutexattr_setpshared	systems/thread-mutexes
c:@F@p101_pthread_mutexattr_settype	p101_pthread_mutexattr_settype	systems/thread-mutexes
c:@F@p101_pthread_once	p101_pthread_once	systems/thread-local-once
c:@F@p101_pthread_rwlock_destroy	p101_pthread_rwlock_destroy	systems/thread-rwlocks
c:@F@p101_pthread_rwlock_init	p101_pthread_rwlock_init	systems/thread-rwlocks
c:@F@p101_pthread_rwlock_rdlock	p101_pthread_rwlock_rdlock	systems/thread-rwlocks
c:@F@p101_pthread_rwlock_tryrdlock	p101_pthread_rwlock_tryrdlock	systems/thread-rwlocks
c:@F@p101_pthread_rwlock_trywrlock	p101_pthread_rwlock_trywrlock	systems/thread-rwlocks
c:@F@p101_pthread_rwlock_unlock	p101_pthread_rwlock_unlock	systems/thread-rwlocks
c:@F@p101_pthread_rwlock_wrlock	p101_pthread_rwlock_wrlock	systems/thread-rwlocks
c:@F@p101_pthread_rwlockattr_destroy	p101_pthread_rwlockattr_destroy	systems/thread-rwlocks
c:@F@p101_pthread_rwlockattr_getpshared	p101_pthread_rwlockattr_getpshared	systems/thread-rwlocks
c:@F@p101_pthread_rwlockattr_init	p101_pthread_rwlockattr_init	systems/thread-rwlocks
c:@F@p101_pthread_rwlockattr_setpshared	p101_pthread_rwlockattr_setpshared	systems/thread-rwlocks
c:@F@p101_pthread_self	p101_pthread_self	systems/thread-lifecycle
c:@F@p101_pthread_setcancelstate	p101_pthread_setcancelstate	systems/thread-cancellation
c:@F@p101_pthread_setcanceltype	p101_pthread_setcanceltype	systems/thread-cancellation
c:@F@p101_pthread_setschedparam	p101_pthread_setschedparam	systems/thread-lifecycle
c:@F@p101_pthread_setspecific	p101_pthread_setspecific	systems/thread-local-once
c:@F@p101_pthread_sigmask	p101_pthread_sigmask	systems/thread-lifecycle
c:@F@p101_pthread_testcancel	p101_pthread_testcancel	systems/thread-cancellation
c:@F@p101_ptsname	p101_ptsname	systems/users-terminals
c:@F@p101_putc	p101_putc	c/stdio-character-io
c:@F@p101_putc_unlocked	p101_putc_unlocked	c/stdio-character-io-extensions
c:@F@p101_putchar	p101_putchar	c/stdio-character-io
c:@F@p101_putchar_unlocked	p101_putchar_unlocked	c/stdio-character-io-extensions
c:@F@p101_putenv	p101_putenv	systems/process-signal
c:@F@p101_puts	p101_puts	c/stdio-character-io
c:@F@p101_pututxline	p101_pututxline	systems/users-terminals
c:@F@p101_putwc	p101_putwc	c/wide-stdio
c:@F@p101_putwchar	p101_putwchar	c/wide-stdio
c:@F@p101_pwrite	p101_pwrite	systems/fd-io
c:@F@p101_qsort	p101_qsort	c/stdlib
c:@F@p101_raise	p101_raise	c/control-flow
c:@F@p101_read	p101_read	systems/fd-io
c:@F@p101_readdir	p101_readdir	systems/directories-patterns
c:@F@p101_readlink	p101_readlink	systems/filesystem-paths
c:@F@p101_readlinkat	p101_readlinkat	systems/filesystem-paths
c:@F@p101_readv	p101_readv	systems/fd-io
c:@F@p101_realloc	p101_realloc	c/stdlib
c:@F@p101_realpath	p101_realpath	systems/directories-patterns
c:@F@p101_recv	p101_recv	network/io
c:@F@p101_recvfrom	p101_recvfrom	network/io
c:@F@p101_recvmsg	p101_recvmsg	network/io
c:@F@p101_regcomp	p101_regcomp	systems/text-patterns
c:@F@p101_regerror	p101_regerror	systems/text-patterns
c:@F@p101_regexec	p101_regexec	systems/text-patterns
c:@F@p101_regfree	p101_regfree	systems/text-patterns
c:@F@p101_remainder	p101_remainder	c/math-rounding-remainder
c:@F@p101_remainderf	p101_remainderf	c/math-rounding-remainder
c:@F@p101_remainderl	p101_remainderl	c/math-rounding-remainder
c:@F@p101_remove	p101_remove	c/stdio-streams-files
c:@F@p101_remque	p101_remque	systems/search-structures
c:@F@p101_remquo	p101_remquo	c/math-rounding-remainder
c:@F@p101_remquof	p101_remquof	c/math-rounding-remainder
c:@F@p101_remquol	p101_remquol	c/math-rounding-remainder
c:@F@p101_rename	p101_rename	c/stdio-streams-files
c:@F@p101_renameat	p101_renameat	systems/directories-patterns
c:@F@p101_rewinddir	p101_rewinddir	systems/directories-patterns
c:@F@p101_rint	p101_rint	c/math-rounding-remainder
c:@F@p101_rintf	p101_rintf	c/math-rounding-remainder
c:@F@p101_rintl	p101_rintl	c/math-rounding-remainder
c:@F@p101_rmdir	p101_rmdir	systems/filesystem-paths
c:@F@p101_round	p101_round	c/math-rounding-remainder
c:@F@p101_roundf	p101_roundf	c/math-rounding-remainder
c:@F@p101_roundl	p101_roundl	c/math-rounding-remainder
c:@F@p101_rpmatch	p101_rpmatch	c/byte-strings-extensions
c:@F@p101_scalbln	p101_scalbln	c/math-rounding-remainder
c:@F@p101_scalblnf	p101_scalblnf	c/math-rounding-remainder
c:@F@p101_scalblnl	p101_scalblnl	c/math-rounding-remainder
c:@F@p101_scalbn	p101_scalbn	c/math-rounding-remainder
c:@F@p101_scalbnf	p101_scalbnf	c/math-rounding-remainder
c:@F@p101_scalbnl	p101_scalbnl	c/math-rounding-remainder
c:@F@p101_scandir	p101_scandir	systems/directories-patterns
c:@F@p101_scanf	p101_scanf	c/stdio-formatted
c:@F@p101_sched_get_priority_max	p101_sched_get_priority_max	systems/process-signal
c:@F@p101_sched_get_priority_min	p101_sched_get_priority_min	systems/process-signal
c:@F@p101_sched_yield	p101_sched_yield	systems/process-signal
c:@F@p101_seed48	p101_seed48	c/random
c:@F@p101_seekdir	p101_seekdir	systems/directories-patterns
c:@F@p101_select	p101_select	systems/io-multiplexing
c:@F@p101_sem_close	p101_sem_close	systems/thread-lifecycle
c:@F@p101_sem_open	p101_sem_open	systems/thread-lifecycle
c:@F@p101_sem_post	p101_sem_post	systems/thread-lifecycle
c:@F@p101_sem_trywait	p101_sem_trywait	systems/thread-lifecycle
c:@F@p101_sem_unlink	p101_sem_unlink	systems/thread-lifecycle
c:@F@p101_sem_wait	p101_sem_wait	systems/thread-lifecycle
c:@F@p101_semctl	p101_semctl	systems/ipc
c:@F@p101_semctl_arg	p101_semctl_arg	systems/ipc
c:@F@p101_semget	p101_semget	systems/ipc
c:@F@p101_semop	p101_semop	systems/ipc
c:@F@p101_send	p101_send	network/io
c:@F@p101_sendmsg	p101_sendmsg	network/io
c:@F@p101_sendto	p101_sendto	network/io
c:@F@p101_setbuffer	p101_setbuffer	c/stdio-streams-files-extensions
c:@F@p101_setdomainname	p101_setdomainname	systems/platform-admin
c:@F@p101_setegid	p101_setegid	systems/users-terminals
c:@F@p101_setenv	p101_setenv	systems/process-signal
c:@F@p101_seteuid	p101_seteuid	systems/users-terminals
c:@F@p101_setgid	p101_setgid	systems/users-terminals
c:@F@p101_sethostent	p101_sethostent	network/name-resolution
c:@F@p101_setlinebuf	p101_setlinebuf	c/stdio-streams-files-extensions
c:@F@p101_setlocale	p101_setlocale	c/locale
c:@F@p101_setlogmask	p101_setlogmask	systems/logging-diagnostics
c:@F@p101_setnetent	p101_setnetent	network/name-resolution
c:@F@p101_setpgid	p101_setpgid	systems/process-signal
c:@F@p101_setpriority	p101_setpriority	systems/process-signal
c:@F@p101_setprotoent	p101_setprotoent	network/name-resolution
c:@F@p101_setregid	p101_setregid	systems/users-terminals
c:@F@p101_setreuid	p101_setreuid	systems/users-terminals
c:@F@p101_setrlimit	p101_setrlimit	systems/process-signal
c:@F@p101_setservent	p101_setservent	network/name-resolution
c:@F@p101_setsid	p101_setsid	systems/process-signal
c:@F@p101_setsockopt	p101_setsockopt	network/sockets
c:@F@p101_setstate	p101_setstate	c/random
c:@F@p101_setuid	p101_setuid	systems/users-terminals
c:@F@p101_setusershell	p101_setusershell	systems/users-terminals
c:@F@p101_setutxent	p101_setutxent	systems/users-terminals
c:@F@p101_setvbuf	p101_setvbuf	c/stdio-state-buffering
c:@F@p101_shm_open	p101_shm_open	systems/ipc
c:@F@p101_shm_unlink	p101_shm_unlink	systems/ipc
c:@F@p101_shmat	p101_shmat	systems/ipc
c:@F@p101_shmctl	p101_shmctl	systems/ipc
c:@F@p101_shmdt	p101_shmdt	systems/ipc
c:@F@p101_shmget	p101_shmget	systems/ipc
c:@F@p101_shutdown	p101_shutdown	network/sockets
c:@F@p101_sigaction	p101_sigaction	systems/process-signal
c:@F@p101_sigaddset	p101_sigaddset	systems/process-signal
c:@F@p101_sigaltstack	p101_sigaltstack	systems/process-signal
c:@F@p101_sigdelset	p101_sigdelset	systems/process-signal
c:@F@p101_sigemptyset	p101_sigemptyset	systems/process-signal
c:@F@p101_sigfillset	p101_sigfillset	systems/process-signal
c:@F@p101_sigismember	p101_sigismember	systems/process-signal
c:@F@p101_siglongjmp	p101_siglongjmp	systems/process-signal
c:@F@p101_signal	p101_signal	c/control-flow
c:@F@p101_sigpending	p101_sigpending	systems/process-signal
c:@F@p101_sigprocmask	p101_sigprocmask	systems/process-signal
c:@F@p101_sigsuspend	p101_sigsuspend	systems/process-signal
c:@F@p101_sigwait	p101_sigwait	systems/process-signal
c:@F@p101_sin	p101_sin	c/math-trig
c:@F@p101_sinf	p101_sinf	c/math-trig
c:@F@p101_sinh	p101_sinh	c/math-trig
c:@F@p101_sinhf	p101_sinhf	c/math-trig
c:@F@p101_sinhl	p101_sinhl	c/math-trig
c:@F@p101_sinl	p101_sinl	c/math-trig
c:@F@p101_sleep	p101_sleep	systems/process-signal
c:@F@p101_snprintf	p101_snprintf	c/stdio-formatted
c:@F@p101_sockatmark	p101_sockatmark	network/sockets
c:@F@p101_socket	p101_socket	network/sockets
c:@F@p101_socketpair	p101_socketpair	network/sockets
c:@F@p101_sqrt	p101_sqrt	c/math-exp-log-power
c:@F@p101_sqrtf	p101_sqrtf	c/math-exp-log-power
c:@F@p101_sqrtl	p101_sqrtl	c/math-exp-log-power
c:@F@p101_srand48	p101_srand48	c/random
c:@F@p101_srandom	p101_srandom	c/random
c:@F@p101_sscanf	p101_sscanf	c/stdio-formatted
c:@F@p101_stat	p101_stat	systems/filesystem-paths
c:@F@p101_statvfs	p101_statvfs	systems/filesystem-paths
c:@F@p101_stpcpy	p101_stpcpy	c/byte-strings-extensions
c:@F@p101_stpncpy	p101_stpncpy	c/byte-strings-extensions
c:@F@p101_strcasecmp	p101_strcasecmp	c/byte-strings-extensions
c:@F@p101_strcasecmp_l	p101_strcasecmp_l	c/byte-strings-extensions
c:@F@p101_strcasestr	p101_strcasestr	c/byte-strings-extensions
c:@F@p101_strchr	p101_strchr	c/byte-strings
c:@F@p101_strchrnul	p101_strchrnul	c/byte-strings-extensions
c:@F@p101_strcmp	p101_strcmp	c/byte-strings
c:@F@p101_strcoll	p101_strcoll	c/byte-strings
c:@F@p101_strcoll_l	p101_strcoll_l	c/byte-strings-extensions
c:@F@p101_strcspn	p101_strcspn	c/byte-strings
c:@F@p101_strdup	p101_strdup	c/byte-strings-extensions
c:@F@p101_strerror	p101_strerror	c/byte-strings
c:@F@p101_strerror_r	p101_strerror_r	c/byte-strings-extensions
c:@F@p101_strftime	p101_strftime	c/time
c:@F@p101_strftime_l	p101_strftime_l	systems/resource-time-memory
c:@F@p101_strlen	p101_strlen	c/byte-strings
c:@F@p101_strncasecmp	p101_strncasecmp	c/byte-strings-extensions
c:@F@p101_strncasecmp_l	p101_strncasecmp_l	c/byte-strings-extensions
c:@F@p101_strncat	p101_strncat	c/byte-strings
c:@F@p101_strncmp	p101_strncmp	c/byte-strings
c:@F@p101_strncpy	p101_strncpy	c/byte-strings
c:@F@p101_strndup	p101_strndup	c/byte-strings-extensions
c:@F@p101_strnlen	p101_strnlen	c/byte-strings-extensions
c:@F@p101_strpbrk	p101_strpbrk	c/byte-strings
c:@F@p101_strptime	p101_strptime	systems/resource-time-memory
c:@F@p101_strrchr	p101_strrchr	c/byte-strings
c:@F@p101_strsep	p101_strsep	c/byte-strings-extensions
c:@F@p101_strsignal	p101_strsignal	c/byte-strings-extensions
c:@F@p101_strspn	p101_strspn	c/byte-strings
c:@F@p101_strstr	p101_strstr	c/byte-strings
c:@F@p101_strtod	p101_strtod	c/stdlib
c:@F@p101_strtof	p101_strtof	c/stdlib
c:@F@p101_strtoimax	p101_strtoimax	c/inttypes
c:@F@p101_strtok_r	p101_strtok_r	c/byte-strings-extensions
c:@F@p101_strtol	p101_strtol	c/stdlib
c:@F@p101_strtold	p101_strtold	c/stdlib
c:@F@p101_strtoll	p101_strtoll	c/stdlib
c:@F@p101_strtoul	p101_strtoul	c/stdlib
c:@F@p101_strtoull	p101_strtoull	c/stdlib
c:@F@p101_strtoumax	p101_strtoumax	c/inttypes
c:@F@p101_strxfrm	p101_strxfrm	c/byte-strings
c:@F@p101_strxfrm_l	p101_strxfrm_l	c/byte-strings-extensions
c:@F@p101_swab	p101_swab	c/byte-strings-extensions
c:@F@p101_swprintf	p101_swprintf	c/wide-stdio
c:@F@p101_swscanf	p101_swscanf	c/wide-stdio
c:@F@p101_symlink	p101_symlink	systems/filesystem-paths
c:@F@p101_symlinkat	p101_symlinkat	systems/filesystem-paths
c:@F@p101_sync	p101_sync	systems/fd-io
c:@F@p101_sysconf	p101_sysconf	systems/platform-admin
c:@F@p101_system	p101_system	c/stdlib
c:@F@p101_tan	p101_tan	c/math-trig
c:@F@p101_tanf	p101_tanf	c/math-trig
c:@F@p101_tanh	p101_tanh	c/math-trig
c:@F@p101_tanhf	p101_tanhf	c/math-trig
c:@F@p101_tanhl	p101_tanhl	c/math-trig
c:@F@p101_tanl	p101_tanl	c/math-trig
c:@F@p101_tcdrain	p101_tcdrain	systems/users-terminals
c:@F@p101_tcflow	p101_tcflow	systems/users-terminals
c:@F@p101_tcflush	p101_tcflush	systems/users-terminals
c:@F@p101_tcgetattr	p101_tcgetattr	systems/users-terminals
c:@F@p101_tcgetpgrp	p101_tcgetpgrp	systems/users-terminals
c:@F@p101_tcgetsid	p101_tcgetsid	systems/users-terminals
c:@F@p101_tcsendbreak	p101_tcsendbreak	systems/users-terminals
c:@F@p101_tcsetattr	p101_tcsetattr	systems/users-terminals
c:@F@p101_tcsetpgrp	p101_tcsetpgrp	systems/users-terminals
c:@F@p101_tdelete	p101_tdelete	systems/search-structures
c:@F@p101_telldir	p101_telldir	systems/directories-patterns
c:@F@p101_tfind	p101_tfind	systems/search-structures
c:@F@p101_tgamma	p101_tgamma	c/math-exp-log-power
c:@F@p101_tgammaf	p101_tgammaf	c/math-exp-log-power
c:@F@p101_tgammal	p101_tgammal	c/math-exp-log-power
c:@F@p101_time	p101_time	c/time
c:@F@p101_times	p101_times	systems/process-signal
c:@F@p101_timespec_get	p101_timespec_get	c/time
c:@F@p101_tmpfile	p101_tmpfile	c/stdio-streams-files
c:@F@p101_tolower	p101_tolower	c/char-classification
c:@F@p101_tolower_l	p101_tolower_l	c/byte-strings-extensions
c:@F@p101_tool_argv_append	p101_tool_argv_append	c/byte-utility
c:@F@p101_tool_argv_append_prefixed	p101_tool_argv_append_prefixed	c/byte-utility
c:@F@p101_tool_argv_destroy	p101_tool_argv_destroy	c/byte-utility
c:@F@p101_tool_argv_init	p101_tool_argv_init	c/byte-utility
c:@F@p101_tool_read_pipe_close	p101_tool_read_pipe_close	c/byte-utility
c:@F@p101_tool_read_pipe_open	p101_tool_read_pipe_open	c/byte-utility
c:@F@p101_tool_run_capture	p101_tool_run_capture	c/byte-utility
c:@F@p101_tool_run_redirect	p101_tool_run_redirect	c/byte-utility
c:@F@p101_toupper	p101_toupper	c/char-classification
c:@F@p101_toupper_l	p101_toupper_l	c/byte-strings-extensions
c:@F@p101_towctrans	p101_towctrans	c/wide-char-classification
c:@F@p101_towctrans_l	p101_towctrans_l	c/byte-strings-extensions
c:@F@p101_towlower	p101_towlower	c/wide-char-classification
c:@F@p101_towlower_l	p101_towlower_l	c/byte-strings-extensions
c:@F@p101_towupper	p101_towupper	c/wide-char-classification
c:@F@p101_towupper_l	p101_towupper_l	c/byte-strings-extensions
c:@F@p101_trunc	p101_trunc	c/math-rounding-remainder
c:@F@p101_truncate	p101_truncate	systems/filesystem-paths
c:@F@p101_truncf	p101_truncf	c/math-rounding-remainder
c:@F@p101_truncl	p101_truncl	c/math-rounding-remainder
c:@F@p101_tsearch	p101_tsearch	systems/search-structures
c:@F@p101_ttyname_r	p101_ttyname_r	systems/users-terminals
c:@F@p101_twalk	p101_twalk	systems/search-structures
c:@F@p101_tzset	p101_tzset	systems/resource-time-memory
c:@F@p101_umask	p101_umask	systems/filesystem-paths
c:@F@p101_uname	p101_uname	systems/platform-admin
c:@F@p101_ungetc	p101_ungetc	c/stdio-character-io
c:@F@p101_ungetwc	p101_ungetwc	c/wide-stdio
c:@F@p101_unlink	p101_unlink	systems/filesystem-paths
c:@F@p101_unlinkat	p101_unlinkat	systems/filesystem-paths
c:@F@p101_unlockpt	p101_unlockpt	systems/users-terminals
c:@F@p101_unsetenv	p101_unsetenv	systems/process-signal
c:@F@p101_uselocale	p101_uselocale	systems/localization-conversion
c:@F@p101_utimensat	p101_utimensat	systems/filesystem-paths
c:@F@p101_vdprintf	p101_vdprintf	c/stdio-formatted-extensions
c:@F@p101_vfprintf	p101_vfprintf	c/stdio-formatted
c:@F@p101_vfscanf	p101_vfscanf	c/stdio-formatted
c:@F@p101_vfwprintf	p101_vfwprintf	c/wide-stdio
c:@F@p101_vfwscanf	p101_vfwscanf	c/wide-stdio
c:@F@p101_vprintf	p101_vprintf	c/stdio-formatted
c:@F@p101_vscanf	p101_vscanf	c/stdio-formatted
c:@F@p101_vsnprintf	p101_vsnprintf	c/stdio-formatted
c:@F@p101_vsscanf	p101_vsscanf	c/stdio-formatted
c:@F@p101_vswprintf	p101_vswprintf	c/wide-stdio
c:@F@p101_vswscanf	p101_vswscanf	c/wide-stdio
c:@F@p101_vwarn	p101_vwarn	systems/logging-diagnostics
c:@F@p101_vwarnx	p101_vwarnx	systems/logging-diagnostics
c:@F@p101_vwprintf	p101_vwprintf	c/wide-stdio
c:@F@p101_vwscanf	p101_vwscanf	c/wide-stdio
c:@F@p101_wait	p101_wait	systems/process-signal
c:@F@p101_waitid	p101_waitid	systems/process-signal
c:@F@p101_waitpid	p101_waitpid	systems/process-signal
c:@F@p101_warn	p101_warn	systems/logging-diagnostics
c:@F@p101_warnx	p101_warnx	systems/logging-diagnostics
c:@F@p101_wcpcpy	p101_wcpcpy	c/byte-strings-extensions
c:@F@p101_wcpncpy	p101_wcpncpy	c/byte-strings-extensions
c:@F@p101_wcrtomb	p101_wcrtomb	c/wide-conversion
c:@F@p101_wcscasecmp	p101_wcscasecmp	c/byte-strings-extensions
c:@F@p101_wcschr	p101_wcschr	c/wide-strings
c:@F@p101_wcscmp	p101_wcscmp	c/wide-strings
c:@F@p101_wcscoll	p101_wcscoll	c/wide-strings
c:@F@p101_wcscoll_l	p101_wcscoll_l	c/byte-strings-extensions
c:@F@p101_wcscspn	p101_wcscspn	c/wide-strings
c:@F@p101_wcsdup	p101_wcsdup	c/byte-strings-extensions
c:@F@p101_wcsftime	p101_wcsftime	c/wide-strings
c:@F@p101_wcslen	p101_wcslen	c/wide-strings
c:@F@p101_wcsncasecmp	p101_wcsncasecmp	c/byte-strings-extensions
c:@F@p101_wcsncat	p101_wcsncat	c/wide-strings
c:@F@p101_wcsncmp	p101_wcsncmp	c/wide-strings
c:@F@p101_wcsncpy	p101_wcsncpy	c/wide-strings
c:@F@p101_wcsnlen	p101_wcsnlen	c/byte-strings-extensions
c:@F@p101_wcsnrtombs	p101_wcsnrtombs	c/byte-strings-extensions
c:@F@p101_wcspbrk	p101_wcspbrk	c/wide-strings
c:@F@p101_wcsrchr	p101_wcsrchr	c/wide-strings
c:@F@p101_wcsrtombs	p101_wcsrtombs	c/wide-conversion
c:@F@p101_wcsspn	p101_wcsspn	c/wide-strings
c:@F@p101_wcsstr	p101_wcsstr	c/wide-strings
c:@F@p101_wcstod	p101_wcstod	c/wide-conversion
c:@F@p101_wcstof	p101_wcstof	c/wide-conversion
c:@F@p101_wcstoimax	p101_wcstoimax	c/inttypes
c:@F@p101_wcstok	p101_wcstok	c/wide-conversion
c:@F@p101_wcstol	p101_wcstol	c/wide-conversion
c:@F@p101_wcstold	p101_wcstold	c/wide-conversion
c:@F@p101_wcstoll	p101_wcstoll	c/wide-conversion
c:@F@p101_wcstombs	p101_wcstombs	c/stdlib
c:@F@p101_wcstoul	p101_wcstoul	c/wide-conversion
c:@F@p101_wcstoull	p101_wcstoull	c/wide-conversion
c:@F@p101_wcstoumax	p101_wcstoumax	c/inttypes
c:@F@p101_wcswidth	p101_wcswidth	c/byte-strings-extensions
c:@F@p101_wcsxfrm	p101_wcsxfrm	c/wide-strings
c:@F@p101_wcsxfrm_l	p101_wcsxfrm_l	c/byte-strings-extensions
c:@F@p101_wctob	p101_wctob	c/wide-conversion
c:@F@p101_wctomb	p101_wctomb	c/stdlib
c:@F@p101_wctrans	p101_wctrans	c/wide-char-classification
c:@F@p101_wctrans_l	p101_wctrans_l	c/byte-strings-extensions
c:@F@p101_wctype	p101_wctype	c/wide-char-classification
c:@F@p101_wctype_l	p101_wctype_l	c/byte-strings-extensions
c:@F@p101_wcwidth	p101_wcwidth	c/byte-strings-extensions
c:@F@p101_wmemchr	p101_wmemchr	c/wide-memory
c:@F@p101_wmemcmp	p101_wmemcmp	c/wide-memory
c:@F@p101_wmemcpy	p101_wmemcpy	c/wide-memory
c:@F@p101_wmemmove	p101_wmemmove	c/wide-memory
c:@F@p101_wmemset	p101_wmemset	c/wide-memory
c:@F@p101_wordexp	p101_wordexp	c/byte-strings-extensions
c:@F@p101_wordfree	p101_wordfree	c/byte-strings-extensions
c:@F@p101_wprintf	p101_wprintf	c/wide-stdio
c:@F@p101_write	p101_write	systems/fd-io
c:@F@p101_writev	p101_writev	systems/fd-io
c:@F@p101_wscanf	p101_wscanf	c/wide-stdio
c:@F@p101_y0	p101_y0	c/math-other
c:@F@p101_y1	p101_y1	c/math-other
c:@F@p101_yn	p101_yn	c/math-other
